priority,content_key,current_source,reader_audit_scope,status
1,authored/transit-aspect/sun/north-node/opposition,fallback-template/transit.aspect,true,needs-owner-approved-personal-transit-copy
1,authored/transit-aspect/sun/north-node/square,fallback-template/transit.aspect,true,needs-owner-approved-personal-transit-copy
1,authored/transit-aspect/sun/south-node/opposition,fallback-template/transit.aspect,false,needs-owner-approved-personal-transit-copy
1,authored/transit-aspect/sun/south-node/square,fallback-template/transit.aspect,false,needs-owner-approved-personal-transit-copy
2,authored/transit-return/sun,SOURCE_GAP,true,needs-owner-approved-personal-transit-copy
2,authored/transit-return/uranus,SOURCE_GAP,true,needs-owner-approved-personal-transit-copy
3,authored/transit-aspect/chiron/north-node/sextile,fallback-template/transit.aspect,true,needs-owner-approved-personal-transit-copy
3,authored/transit-aspect/chiron/north-node/trine,fallback-template/transit.aspect,true,needs-owner-approved-personal-transit-copy
3,authored/transit-aspect/jupiter/north-node/opposition,fallback-template/transit.aspect,true,needs-owner-approved-personal-transit-copy
3,authored/transit-aspect/jupiter/north-node/square,fallback-template/transit.aspect,true,needs-owner-approved-personal-transit-copy
3,authored/transit-aspect/lilith/ascendant/conjunction,fallback-template/transit.aspect,true,needs-owner-approved-personal-transit-copy
3,authored/transit-aspect/lilith/ascendant/opposition,fallback-template/transit.aspect,true,needs-owner-approved-personal-transit-copy
3,authored/transit-aspect/lilith/ascendant/sextile,fallback-template/transit.aspect,true,needs-owner-approved-personal-transit-copy
3,authored/transit-aspect/lilith/ascendant/square,fallback-template/transit.aspect,true,needs-owner-approved-personal-transit-copy
3,authored/transit-aspect/lilith/ascendant/trine,fallback-template/transit.aspect,true,needs-owner-approved-personal-transit-copy
3,authored/transit-aspect/lilith/jupiter/conjunction,fallback-template/transit.aspect,true,needs-owner-approved-personal-transit-copy
3,authored/transit-aspect/lilith/jupiter/opposition,fallback-template/transit.aspect,true,needs-owner-approved-personal-transit-copy
3,authored/transit-aspect/lilith/jupiter/sextile,fallback-template/transit.aspect,true,needs-owner-approved-personal-transit-copy
3,authored/transit-aspect/lilith/jupiter/square,fallback-template/transit.aspect,true,needs-owner-approved-personal-transit-copy
3,authored/transit-aspect/lilith/jupiter/trine,fallback-template/transit.aspect,true,needs-owner-approved-personal-transit-copy
3,authored/transit-aspect/lilith/lilith/conjunction,fallback-template/transit.aspect,true,needs-owner-approved-personal-transit-copy
3,authored/transit-aspect/lilith/lilith/opposition,fallback-template/transit.aspect,true,needs-owner-approved-personal-transit-copy
3,authored/transit-aspect/lilith/mars/conjunction,fallback-template/transit.aspect,true,needs-owner-approved-personal-transit-copy
3,authored/transit-aspect/lilith/mars/opposition,fallback-template/transit.aspect,true,needs-owner-approved-personal-transit-copy
3,authored/transit-aspect/lilith/mars/sextile,fallback-template/transit.aspect,true,needs-owner-approved-personal-transit-copy
3,authored/transit-aspect/lilith/mars/square,fallback-template/transit.aspect,true,needs-owner-approved-personal-transit-copy
3,authored/transit-aspect/lilith/mars/trine,fallback-template/transit.aspect,true,needs-owner-approved-personal-transit-copy
3,authored/transit-aspect/lilith/mercury/conjunction,fallback-template/transit.aspect,true,needs-owner-approved-personal-transit-copy
3,authored/transit-aspect/lilith/mercury/opposition,fallback-template/transit.aspect,true,needs-owner-approved-personal-transit-copy
3,authored/transit-aspect/lilith/mercury/sextile,fallback-template/transit.aspect,true,needs-owner-approved-personal-transit-copy
3,authored/transit-aspect/lilith/mercury/square,fallback-template/transit.aspect,true,needs-owner-approved-personal-transit-copy
3,authored/transit-aspect/lilith/mercury/trine,fallback-template/transit.aspect,true,needs-owner-approved-personal-transit-copy
3,authored/transit-aspect/lilith/moon/conjunction,fallback-template/transit.aspect,true,needs-owner-approved-personal-transit-copy
3,authored/transit-aspect/lilith/moon/opposition,fallback-template/transit.aspect,true,needs-owner-approved-personal-transit-copy
3,authored/transit-aspect/lilith/moon/sextile,fallback-template/transit.aspect,true,needs-owner-approved-personal-transit-copy
3,authored/transit-aspect/lilith/moon/square,fallback-template/transit.aspect,true,needs-owner-approved-personal-transit-copy
3,authored/transit-aspect/lilith/moon/trine,fallback-template/transit.aspect,true,needs-owner-approved-personal-transit-copy
3,authored/transit-aspect/lilith/neptune/conjunction,fallback-template/transit.aspect,true,needs-owner-approved-personal-transit-copy
3,authored/transit-aspect/lilith/neptune/opposition,fallback-template/transit.aspect,true,needs-owner-approved-personal-transit-copy
3,authored/transit-aspect/lilith/neptune/sextile,fallback-template/transit.aspect,true,needs-owner-approved-personal-transit-copy
3,authored/transit-aspect/lilith/neptune/square,fallback-template/transit.aspect,true,needs-owner-approved-personal-transit-copy
3,authored/transit-aspect/lilith/neptune/trine,fallback-template/transit.aspect,true,needs-owner-approved-personal-transit-copy
3,authored/transit-aspect/lilith/north-node/conjunction,fallback-template/transit.aspect,true,needs-owner-approved-personal-transit-copy
3,authored/transit-aspect/lilith/north-node/opposition,fallback-template/transit.aspect,true,needs-owner-approved-personal-transit-copy
3,authored/transit-aspect/lilith/north-node/sextile,fallback-template/transit.aspect,true,needs-owner-approved-personal-transit-copy
3,authored/transit-aspect/lilith/north-node/square,fallback-template/transit.aspect,true,needs-owner-approved-personal-transit-copy
3,authored/transit-aspect/lilith/north-node/trine,fallback-template/transit.aspect,true,needs-owner-approved-personal-transit-copy
3,authored/transit-aspect/lilith/pluto/conjunction,fallback-template/transit.aspect,true,needs-owner-approved-personal-transit-copy
3,authored/transit-aspect/lilith/pluto/opposition,fallback-template/transit.aspect,true,needs-owner-approved-personal-transit-copy
3,authored/transit-aspect/lilith/pluto/sextile,fallback-template/transit.aspect,true,needs-owner-approved-personal-transit-copy
3,authored/transit-aspect/lilith/pluto/square,fallback-template/transit.aspect,true,needs-owner-approved-personal-transit-copy
3,authored/transit-aspect/lilith/pluto/trine,fallback-template/transit.aspect,true,needs-owner-approved-personal-transit-copy
3,authored/transit-aspect/lilith/saturn/conjunction,fallback-template/transit.aspect,true,needs-owner-approved-personal-transit-copy
3,authored/transit-aspect/lilith/saturn/opposition,fallback-template/transit.aspect,true,needs-owner-approved-personal-transit-copy
3,authored/transit-aspect/lilith/saturn/sextile,fallback-template/transit.aspect,true,needs-owner-approved-personal-transit-copy
3,authored/transit-aspect/lilith/saturn/square,fallback-template/transit.aspect,true,needs-owner-approved-personal-transit-copy
3,authored/transit-aspect/lilith/saturn/trine,fallback-template/transit.aspect,true,needs-owner-approved-personal-transit-copy
3,authored/transit-aspect/lilith/sun/conjunction,fallback-template/transit.aspect,true,needs-owner-approved-personal-transit-copy
3,authored/transit-aspect/lilith/sun/opposition,fallback-template/transit.aspect,true,needs-owner-approved-personal-transit-copy
3,authored/transit-aspect/lilith/sun/sextile,fallback-template/transit.aspect,true,needs-owner-approved-personal-transit-copy
3,authored/transit-aspect/lilith/sun/square,fallback-template/transit.aspect,true,needs-owner-approved-personal-transit-copy
3,authored/transit-aspect/lilith/sun/trine,fallback-template/transit.aspect,true,needs-owner-approved-personal-transit-copy
3,authored/transit-aspect/lilith/uranus/conjunction,fallback-template/transit.aspect,true,needs-owner-approved-personal-transit-copy
3,authored/transit-aspect/lilith/uranus/opposition,fallback-template/transit.aspect,true,needs-owner-approved-personal-transit-copy
3,authored/transit-aspect/lilith/uranus/sextile,fallback-template/transit.aspect,true,needs-owner-approved-personal-transit-copy
3,authored/transit-aspect/lilith/uranus/square,fallback-template/transit.aspect,true,needs-owner-approved-personal-transit-copy
3,authored/transit-aspect/lilith/uranus/trine,fallback-template/transit.aspect,true,needs-owner-approved-personal-transit-copy
3,authored/transit-aspect/lilith/venus/conjunction,fallback-template/transit.aspect,true,needs-owner-approved-personal-transit-copy
3,authored/transit-aspect/lilith/venus/opposition,fallback-template/transit.aspect,true,needs-owner-approved-personal-transit-copy
3,authored/transit-aspect/lilith/venus/sextile,fallback-template/transit.aspect,true,needs-owner-approved-personal-transit-copy
3,authored/transit-aspect/lilith/venus/square,fallback-template/transit.aspect,true,needs-owner-approved-personal-transit-copy
3,authored/transit-aspect/lilith/venus/trine,fallback-template/transit.aspect,true,needs-owner-approved-personal-transit-copy
3,authored/transit-aspect/mars/north-node/opposition,fallback-template/transit.aspect,true,needs-owner-approved-personal-transit-copy
3,authored/transit-aspect/mars/north-node/square,fallback-template/transit.aspect,true,needs-owner-approved-personal-transit-copy
3,authored/transit-aspect/mercury/north-node/opposition,fallback-template/transit.aspect,true,needs-owner-approved-personal-transit-copy
3,authored/transit-aspect/mercury/north-node/square,fallback-template/transit.aspect,true,needs-owner-approved-personal-transit-copy
3,authored/transit-aspect/moon/north-node/opposition,fallback-template/transit.aspect,true,needs-owner-approved-personal-transit-copy
3,authored/transit-aspect/moon/north-node/square,fallback-template/transit.aspect,true,needs-owner-approved-personal-transit-copy
3,authored/transit-aspect/neptune/north-node/sextile,fallback-template/transit.aspect,true,needs-owner-approved-personal-transit-copy
3,authored/transit-aspect/neptune/north-node/trine,fallback-template/transit.aspect,true,needs-owner-approved-personal-transit-copy
3,authored/transit-aspect/north-node/ascendant/conjunction,fallback-template/transit.aspect,true,needs-owner-approved-personal-transit-copy
3,authored/transit-aspect/north-node/ascendant/opposition,fallback-template/transit.aspect,true,needs-owner-approved-personal-transit-copy
3,authored/transit-aspect/north-node/ascendant/sextile,fallback-template/transit.aspect,true,needs-owner-approved-personal-transit-copy
3,authored/transit-aspect/north-node/ascendant/square,fallback-template/transit.aspect,true,needs-owner-approved-personal-transit-copy
3,authored/transit-aspect/north-node/ascendant/trine,fallback-template/transit.aspect,true,needs-owner-approved-personal-transit-copy
3,authored/transit-aspect/north-node/jupiter/conjunction,fallback-template/transit.aspect,true,needs-owner-approved-personal-transit-copy
3,authored/transit-aspect/north-node/jupiter/opposition,fallback-template/transit.aspect,true,needs-owner-approved-personal-transit-copy
3,authored/transit-aspect/north-node/jupiter/sextile,fallback-template/transit.aspect,true,needs-owner-approved-personal-transit-copy
3,authored/transit-aspect/north-node/jupiter/square,fallback-template/transit.aspect,true,needs-owner-approved-personal-transit-copy
3,authored/transit-aspect/north-node/jupiter/trine,fallback-template/transit.aspect,true,needs-owner-approved-personal-transit-copy
3,authored/transit-aspect/north-node/lilith/conjunction,fallback-template/transit.aspect,true,needs-owner-approved-personal-transit-copy
3,authored/transit-aspect/north-node/lilith/opposition,fallback-template/transit.aspect,true,needs-owner-approved-personal-transit-copy
3,authored/transit-aspect/north-node/mars/conjunction,fallback-template/transit.aspect,true,needs-owner-approved-personal-transit-copy
3,authored/transit-aspect/north-node/mars/opposition,fallback-template/transit.aspect,true,needs-owner-approved-personal-transit-copy
3,authored/transit-aspect/north-node/mars/sextile,fallback-template/transit.aspect,true,needs-owner-approved-personal-transit-copy
3,authored/transit-aspect/north-node/mars/square,fallback-template/transit.aspect,true,needs-owner-approved-personal-transit-copy
3,authored/transit-aspect/north-node/mars/trine,fallback-template/transit.aspect,true,needs-owner-approved-personal-transit-copy
3,authored/transit-aspect/north-node/mercury/conjunction,fallback-template/transit.aspect,true,needs-owner-approved-personal-transit-copy
3,authored/transit-aspect/north-node/mercury/opposition,fallback-template/transit.aspect,true,needs-owner-approved-personal-transit-copy
3,authored/transit-aspect/north-node/mercury/sextile,fallback-template/transit.aspect,true,needs-owner-approved-personal-transit-copy
3,authored/transit-aspect/north-node/mercury/square,fallback-template/transit.aspect,true,needs-owner-approved-personal-transit-copy
3,authored/transit-aspect/north-node/mercury/trine,fallback-template/transit.aspect,true,needs-owner-approved-personal-transit-copy
3,authored/transit-aspect/north-node/moon/opposition,fallback-template/transit.aspect,true,needs-owner-approved-personal-transit-copy
3,authored/transit-aspect/north-node/moon/square,fallback-template/transit.aspect,true,needs-owner-approved-personal-transit-copy
3,authored/transit-aspect/north-node/neptune/conjunction,fallback-template/transit.aspect,true,needs-owner-approved-personal-transit-copy
3,authored/transit-aspect/north-node/neptune/opposition,fallback-template/transit.aspect,true,needs-owner-approved-personal-transit-copy
3,authored/transit-aspect/north-node/neptune/sextile,fallback-template/transit.aspect,true,needs-owner-approved-personal-transit-copy
3,authored/transit-aspect/north-node/neptune/square,fallback-template/transit.aspect,true,needs-owner-approved-personal-transit-copy
3,authored/transit-aspect/north-node/neptune/trine,fallback-template/transit.aspect,true,needs-owner-approved-personal-transit-copy
3,authored/transit-aspect/north-node/north-node/opposition,fallback-template/transit.aspect,true,needs-owner-approved-personal-transit-copy
3,authored/transit-aspect/north-node/north-node/sextile,fallback-template/transit.aspect,true,needs-owner-approved-personal-transit-copy
3,authored/transit-aspect/north-node/north-node/square,fallback-template/transit.aspect,true,needs-owner-approved-personal-transit-copy
3,authored/transit-aspect/north-node/north-node/trine,fallback-template/transit.aspect,true,needs-owner-approved-personal-transit-copy
3,authored/transit-aspect/north-node/pluto/conjunction,fallback-template/transit.aspect,true,needs-owner-approved-personal-transit-copy
3,authored/transit-aspect/north-node/pluto/opposition,fallback-template/transit.aspect,true,needs-owner-approved-personal-transit-copy
3,authored/transit-aspect/north-node/pluto/sextile,fallback-template/transit.aspect,true,needs-owner-approved-personal-transit-copy
3,authored/transit-aspect/north-node/pluto/square,fallback-template/transit.aspect,true,needs-owner-approved-personal-transit-copy
3,authored/transit-aspect/north-node/pluto/trine,fallback-template/transit.aspect,true,needs-owner-approved-personal-transit-copy
3,authored/transit-aspect/north-node/saturn/conjunction,fallback-template/transit.aspect,true,needs-owner-approved-personal-transit-copy
3,authored/transit-aspect/north-node/saturn/opposition,fallback-template/transit.aspect,true,needs-owner-approved-personal-transit-copy
3,authored/transit-aspect/north-node/saturn/sextile,fallback-template/transit.aspect,true,needs-owner-approved-personal-transit-copy
3,authored/transit-aspect/north-node/saturn/square,fallback-template/transit.aspect,true,needs-owner-approved-personal-transit-copy
3,authored/transit-aspect/north-node/saturn/trine,fallback-template/transit.aspect,true,needs-owner-approved-personal-transit-copy
3,authored/transit-aspect/north-node/sun/opposition,fallback-template/transit.aspect,true,needs-owner-approved-personal-transit-copy
3,authored/transit-aspect/north-node/sun/square,fallback-template/transit.aspect,true,needs-owner-approved-personal-transit-copy
3,authored/transit-aspect/north-node/uranus/conjunction,fallback-template/transit.aspect,true,needs-owner-approved-personal-transit-copy
3,authored/transit-aspect/north-node/uranus/opposition,fallback-template/transit.aspect,true,needs-owner-approved-personal-transit-copy
3,authored/transit-aspect/north-node/uranus/sextile,fallback-template/transit.aspect,true,needs-owner-approved-personal-transit-copy
3,authored/transit-aspect/north-node/uranus/square,fallback-template/transit.aspect,true,needs-owner-approved-personal-transit-copy
3,authored/transit-aspect/north-node/uranus/trine,fallback-template/transit.aspect,true,needs-owner-approved-personal-transit-copy
3,authored/transit-aspect/north-node/venus/conjunction,fallback-template/transit.aspect,true,needs-owner-approved-personal-transit-copy
3,authored/transit-aspect/north-node/venus/opposition,fallback-template/transit.aspect,true,needs-owner-approved-personal-transit-copy
3,authored/transit-aspect/north-node/venus/sextile,fallback-template/transit.aspect,true,needs-owner-approved-personal-transit-copy
3,authored/transit-aspect/north-node/venus/square,fallback-template/transit.aspect,true,needs-owner-approved-personal-transit-copy
3,authored/transit-aspect/north-node/venus/trine,fallback-template/transit.aspect,true,needs-owner-approved-personal-transit-copy
3,authored/transit-aspect/pluto/north-node/sextile,fallback-template/transit.aspect,true,needs-owner-approved-personal-transit-copy
3,authored/transit-aspect/pluto/north-node/trine,fallback-template/transit.aspect,true,needs-owner-approved-personal-transit-copy
3,authored/transit-aspect/saturn/north-node/sextile,fallback-template/transit.aspect,true,needs-owner-approved-personal-transit-copy
3,authored/transit-aspect/saturn/north-node/trine,fallback-template/transit.aspect,true,needs-owner-approved-personal-transit-copy
3,authored/transit-aspect/south-node/ascendant/conjunction,fallback-template/transit.aspect,true,needs-owner-approved-personal-transit-copy
3,authored/transit-aspect/south-node/ascendant/opposition,fallback-template/transit.aspect,true,needs-owner-approved-personal-transit-copy
3,authored/transit-aspect/south-node/ascendant/sextile,fallback-template/transit.aspect,true,needs-owner-approved-personal-transit-copy
3,authored/transit-aspect/south-node/ascendant/square,fallback-template/transit.aspect,true,needs-owner-approved-personal-transit-copy
3,authored/transit-aspect/south-node/ascendant/trine,fallback-template/transit.aspect,true,needs-owner-approved-personal-transit-copy
3,authored/transit-aspect/south-node/jupiter/conjunction,fallback-template/transit.aspect,true,needs-owner-approved-personal-transit-copy
3,authored/transit-aspect/south-node/jupiter/opposition,fallback-template/transit.aspect,true,needs-owner-approved-personal-transit-copy
3,authored/transit-aspect/south-node/jupiter/sextile,fallback-template/transit.aspect,true,needs-owner-approved-personal-transit-copy
3,authored/transit-aspect/south-node/jupiter/square,fallback-template/transit.aspect,true,needs-owner-approved-personal-transit-copy
3,authored/transit-aspect/south-node/jupiter/trine,fallback-template/transit.aspect,true,needs-owner-approved-personal-transit-copy
3,authored/transit-aspect/south-node/lilith/conjunction,fallback-template/transit.aspect,true,needs-owner-approved-personal-transit-copy
3,authored/transit-aspect/south-node/lilith/opposition,fallback-template/transit.aspect,true,needs-owner-approved-personal-transit-copy
3,authored/transit-aspect/south-node/mars/conjunction,fallback-template/transit.aspect,true,needs-owner-approved-personal-transit-copy
3,authored/transit-aspect/south-node/mars/opposition,fallback-template/transit.aspect,true,needs-owner-approved-personal-transit-copy
3,authored/transit-aspect/south-node/mars/sextile,fallback-template/transit.aspect,true,needs-owner-approved-personal-transit-copy
3,authored/transit-aspect/south-node/mars/square,fallback-template/transit.aspect,true,needs-owner-approved-personal-transit-copy
3,authored/transit-aspect/south-node/mars/trine,fallback-template/transit.aspect,true,needs-owner-approved-personal-transit-copy
3,authored/transit-aspect/south-node/mercury/conjunction,fallback-template/transit.aspect,true,needs-owner-approved-personal-transit-copy
3,authored/transit-aspect/south-node/mercury/opposition,fallback-template/transit.aspect,true,needs-owner-approved-personal-transit-copy
3,authored/transit-aspect/south-node/mercury/sextile,fallback-template/transit.aspect,true,needs-owner-approved-personal-transit-copy
3,authored/transit-aspect/south-node/mercury/square,fallback-template/transit.aspect,true,needs-owner-approved-personal-transit-copy
3,authored/transit-aspect/south-node/mercury/trine,fallback-template/transit.aspect,true,needs-owner-approved-personal-transit-copy
3,authored/transit-aspect/south-node/moon/conjunction,fallback-template/transit.aspect,true,needs-owner-approved-personal-transit-copy
3,authored/transit-aspect/south-node/moon/opposition,fallback-template/transit.aspect,true,needs-owner-approved-personal-transit-copy
3,authored/transit-aspect/south-node/moon/sextile,fallback-template/transit.aspect,true,needs-owner-approved-personal-transit-copy
3,authored/transit-aspect/south-node/moon/square,fallback-template/transit.aspect,true,needs-owner-approved-personal-transit-copy
3,authored/transit-aspect/south-node/moon/trine,fallback-template/transit.aspect,true,needs-owner-approved-personal-transit-copy
3,authored/transit-aspect/south-node/neptune/conjunction,fallback-template/transit.aspect,true,needs-owner-approved-personal-transit-copy
3,authored/transit-aspect/south-node/neptune/opposition,fallback-template/transit.aspect,true,needs-owner-approved-personal-transit-copy
3,authored/transit-aspect/south-node/neptune/sextile,fallback-template/transit.aspect,true,needs-owner-approved-personal-transit-copy
3,authored/transit-aspect/south-node/neptune/square,fallback-template/transit.aspect,true,needs-owner-approved-personal-transit-copy
3,authored/transit-aspect/south-node/neptune/trine,fallback-template/transit.aspect,true,needs-owner-approved-personal-transit-copy
3,authored/transit-aspect/south-node/north-node/conjunction,fallback-template/transit.aspect,true,needs-owner-approved-personal-transit-copy
3,authored/transit-aspect/south-node/north-node/opposition,fallback-template/transit.aspect,true,needs-owner-approved-personal-transit-copy
3,authored/transit-aspect/south-node/north-node/sextile,fallback-template/transit.aspect,true,needs-owner-approved-personal-transit-copy
3,authored/transit-aspect/south-node/north-node/square,fallback-template/transit.aspect,true,needs-owner-approved-personal-transit-copy
3,authored/transit-aspect/south-node/north-node/trine,fallback-template/transit.aspect,true,needs-owner-approved-personal-transit-copy
3,authored/transit-aspect/south-node/pluto/conjunction,fallback-template/transit.aspect,true,needs-owner-approved-personal-transit-copy
3,authored/transit-aspect/south-node/pluto/opposition,fallback-template/transit.aspect,true,needs-owner-approved-personal-transit-copy
3,authored/transit-aspect/south-node/pluto/sextile,fallback-template/transit.aspect,true,needs-owner-approved-personal-transit-copy
3,authored/transit-aspect/south-node/pluto/square,fallback-template/transit.aspect,true,needs-owner-approved-personal-transit-copy
3,authored/transit-aspect/south-node/pluto/trine,fallback-template/transit.aspect,true,needs-owner-approved-personal-transit-copy
3,authored/transit-aspect/south-node/saturn/conjunction,fallback-template/transit.aspect,true,needs-owner-approved-personal-transit-copy
3,authored/transit-aspect/south-node/saturn/opposition,fallback-template/transit.aspect,true,needs-owner-approved-personal-transit-copy
3,authored/transit-aspect/south-node/saturn/sextile,fallback-template/transit.aspect,true,needs-owner-approved-personal-transit-copy
3,authored/transit-aspect/south-node/saturn/square,fallback-template/transit.aspect,true,needs-owner-approved-personal-transit-copy
3,authored/transit-aspect/south-node/saturn/trine,fallback-template/transit.aspect,true,needs-owner-approved-personal-transit-copy
3,authored/transit-aspect/south-node/sun/conjunction,fallback-template/transit.aspect,true,needs-owner-approved-personal-transit-copy
3,authored/transit-aspect/south-node/sun/opposition,fallback-template/transit.aspect,true,needs-owner-approved-personal-transit-copy
3,authored/transit-aspect/south-node/sun/sextile,fallback-template/transit.aspect,true,needs-owner-approved-personal-transit-copy
3,authored/transit-aspect/south-node/sun/square,fallback-template/transit.aspect,true,needs-owner-approved-personal-transit-copy
3,authored/transit-aspect/south-node/sun/trine,fallback-template/transit.aspect,true,needs-owner-approved-personal-transit-copy
3,authored/transit-aspect/south-node/uranus/conjunction,fallback-template/transit.aspect,true,needs-owner-approved-personal-transit-copy
3,authored/transit-aspect/south-node/uranus/opposition,fallback-template/transit.aspect,true,needs-owner-approved-personal-transit-copy
3,authored/transit-aspect/south-node/uranus/sextile,fallback-template/transit.aspect,true,needs-owner-approved-personal-transit-copy
3,authored/transit-aspect/south-node/uranus/square,fallback-template/transit.aspect,true,needs-owner-approved-personal-transit-copy
3,authored/transit-aspect/south-node/uranus/trine,fallback-template/transit.aspect,true,needs-owner-approved-personal-transit-copy
3,authored/transit-aspect/south-node/venus/conjunction,fallback-template/transit.aspect,true,needs-owner-approved-personal-transit-copy
3,authored/transit-aspect/south-node/venus/opposition,fallback-template/transit.aspect,true,needs-owner-approved-personal-transit-copy
3,authored/transit-aspect/south-node/venus/sextile,fallback-template/transit.aspect,true,needs-owner-approved-personal-transit-copy
3,authored/transit-aspect/south-node/venus/square,fallback-template/transit.aspect,true,needs-owner-approved-personal-transit-copy
3,authored/transit-aspect/south-node/venus/trine,fallback-template/transit.aspect,true,needs-owner-approved-personal-transit-copy
3,authored/transit-aspect/uranus/north-node/sextile,fallback-template/transit.aspect,true,needs-owner-approved-personal-transit-copy
3,authored/transit-aspect/uranus/north-node/trine,fallback-template/transit.aspect,true,needs-owner-approved-personal-transit-copy
3,authored/transit-aspect/venus/north-node/opposition,fallback-template/transit.aspect,true,needs-owner-approved-personal-transit-copy
3,authored/transit-aspect/venus/north-node/square,fallback-template/transit.aspect,true,needs-owner-approved-personal-transit-copy
4,authored/transit-aspect/chiron/descendant/conjunction,fallback-template/transit.aspect,false,needs-owner-approved-personal-transit-copy
4,authored/transit-aspect/chiron/descendant/opposition,fallback-template/transit.aspect,false,needs-owner-approved-personal-transit-copy
4,authored/transit-aspect/chiron/descendant/sextile,fallback-template/transit.aspect,false,needs-owner-approved-personal-transit-copy
4,authored/transit-aspect/chiron/descendant/square,fallback-template/transit.aspect,false,needs-owner-approved-personal-transit-copy
4,authored/transit-aspect/chiron/descendant/trine,fallback-template/transit.aspect,false,needs-owner-approved-personal-transit-copy
4,authored/transit-aspect/chiron/imum-coeli/conjunction,fallback-template/transit.aspect,false,needs-owner-approved-personal-transit-copy
4,authored/transit-aspect/chiron/imum-coeli/opposition,fallback-template/transit.aspect,false,needs-owner-approved-personal-transit-copy
4,authored/transit-aspect/chiron/imum-coeli/sextile,fallback-template/transit.aspect,false,needs-owner-approved-personal-transit-copy
4,authored/transit-aspect/chiron/imum-coeli/square,fallback-template/transit.aspect,false,needs-owner-approved-personal-transit-copy
4,authored/transit-aspect/chiron/imum-coeli/trine,fallback-template/transit.aspect,false,needs-owner-approved-personal-transit-copy
4,authored/transit-aspect/chiron/south-node/sextile,fallback-template/transit.aspect,false,needs-owner-approved-personal-transit-copy
4,authored/transit-aspect/chiron/south-node/trine,fallback-template/transit.aspect,false,needs-owner-approved-personal-transit-copy
4,authored/transit-aspect/jupiter/descendant/conjunction,fallback-template/transit.aspect,false,needs-owner-approved-personal-transit-copy
4,authored/transit-aspect/jupiter/descendant/opposition,fallback-template/transit.aspect,false,needs-owner-approved-personal-transit-copy
4,authored/transit-aspect/jupiter/descendant/sextile,fallback-template/transit.aspect,false,needs-owner-approved-personal-transit-copy
4,authored/transit-aspect/jupiter/descendant/square,fallback-template/transit.aspect,false,needs-owner-approved-personal-transit-copy
4,authored/transit-aspect/jupiter/imum-coeli/conjunction,fallback-template/transit.aspect,false,needs-owner-approved-personal-transit-copy
4,authored/transit-aspect/jupiter/imum-coeli/opposition,fallback-template/transit.aspect,false,needs-owner-approved-personal-transit-copy
4,authored/transit-aspect/jupiter/imum-coeli/sextile,fallback-template/transit.aspect,false,needs-owner-approved-personal-transit-copy
4,authored/transit-aspect/jupiter/imum-coeli/square,fallback-template/transit.aspect,false,needs-owner-approved-personal-transit-copy
4,authored/transit-aspect/jupiter/imum-coeli/trine,fallback-template/transit.aspect,false,needs-owner-approved-personal-transit-copy
4,authored/transit-aspect/jupiter/south-node/opposition,fallback-template/transit.aspect,false,needs-owner-approved-personal-transit-copy
4,authored/transit-aspect/jupiter/south-node/square,fallback-template/transit.aspect,false,needs-owner-approved-personal-transit-copy
4,authored/transit-aspect/lilith/descendant/conjunction,fallback-template/transit.aspect,false,needs-owner-approved-personal-transit-copy
4,authored/transit-aspect/lilith/descendant/opposition,fallback-template/transit.aspect,false,needs-owner-approved-personal-transit-copy
4,authored/transit-aspect/lilith/descendant/sextile,fallback-template/transit.aspect,false,needs-owner-approved-personal-transit-copy
4,authored/transit-aspect/lilith/descendant/square,fallback-template/transit.aspect,false,needs-owner-approved-personal-transit-copy
4,authored/transit-aspect/lilith/descendant/trine,fallback-template/transit.aspect,false,needs-owner-approved-personal-transit-copy
4,authored/transit-aspect/lilith/imum-coeli/conjunction,fallback-template/transit.aspect,false,needs-owner-approved-personal-transit-copy
4,authored/transit-aspect/lilith/imum-coeli/opposition,fallback-template/transit.aspect,false,needs-owner-approved-personal-transit-copy
4,authored/transit-aspect/lilith/imum-coeli/sextile,fallback-template/transit.aspect,false,needs-owner-approved-personal-transit-copy
4,authored/transit-aspect/lilith/imum-coeli/square,fallback-template/transit.aspect,false,needs-owner-approved-personal-transit-copy
4,authored/transit-aspect/lilith/imum-coeli/trine,fallback-template/transit.aspect,false,needs-owner-approved-personal-transit-copy
4,authored/transit-aspect/lilith/midheaven/conjunction,fallback-template/transit.aspect,false,needs-owner-approved-personal-transit-copy
4,authored/transit-aspect/lilith/midheaven/opposition,fallback-template/transit.aspect,false,needs-owner-approved-personal-transit-copy
4,authored/transit-aspect/lilith/midheaven/sextile,fallback-template/transit.aspect,false,needs-owner-approved-personal-transit-copy
4,authored/transit-aspect/lilith/midheaven/square,fallback-template/transit.aspect,false,needs-owner-approved-personal-transit-copy
4,authored/transit-aspect/lilith/midheaven/trine,fallback-template/transit.aspect,false,needs-owner-approved-personal-transit-copy
4,authored/transit-aspect/lilith/south-node/conjunction,fallback-template/transit.aspect,false,needs-owner-approved-personal-transit-copy
4,authored/transit-aspect/lilith/south-node/opposition,fallback-template/transit.aspect,false,needs-owner-approved-personal-transit-copy
4,authored/transit-aspect/lilith/south-node/sextile,fallback-template/transit.aspect,false,needs-owner-approved-personal-transit-copy
4,authored/transit-aspect/lilith/south-node/square,fallback-template/transit.aspect,false,needs-owner-approved-personal-transit-copy
4,authored/transit-aspect/lilith/south-node/trine,fallback-template/transit.aspect,false,needs-owner-approved-personal-transit-copy
4,authored/transit-aspect/mars/descendant/conjunction,fallback-template/transit.aspect,false,needs-owner-approved-personal-transit-copy
4,authored/transit-aspect/mars/descendant/opposition,fallback-template/transit.aspect,false,needs-owner-approved-personal-transit-copy
4,authored/transit-aspect/mars/descendant/sextile,fallback-template/transit.aspect,false,needs-owner-approved-personal-transit-copy
4,authored/transit-aspect/mars/descendant/square,fallback-template/transit.aspect,false,needs-owner-approved-personal-transit-copy
4,authored/transit-aspect/mars/descendant/trine,fallback-template/transit.aspect,false,needs-owner-approved-personal-transit-copy
4,authored/transit-aspect/mars/imum-coeli/conjunction,fallback-template/transit.aspect,false,needs-owner-approved-personal-transit-copy
4,authored/transit-aspect/mars/imum-coeli/opposition,fallback-template/transit.aspect,false,needs-owner-approved-personal-transit-copy
4,authored/transit-aspect/mars/imum-coeli/sextile,fallback-template/transit.aspect,false,needs-owner-approved-personal-transit-copy
4,authored/transit-aspect/mars/imum-coeli/square,fallback-template/transit.aspect,false,needs-owner-approved-personal-transit-copy
4,authored/transit-aspect/mars/imum-coeli/trine,fallback-template/transit.aspect,false,needs-owner-approved-personal-transit-copy
4,authored/transit-aspect/mars/south-node/opposition,fallback-template/transit.aspect,false,needs-owner-approved-personal-transit-copy
4,authored/transit-aspect/mars/south-node/square,fallback-template/transit.aspect,false,needs-owner-approved-personal-transit-copy
4,authored/transit-aspect/mercury/descendant/conjunction,fallback-template/transit.aspect,false,needs-owner-approved-personal-transit-copy
4,authored/transit-aspect/mercury/descendant/opposition,fallback-template/transit.aspect,false,needs-owner-approved-personal-transit-copy
4,authored/transit-aspect/mercury/descendant/sextile,fallback-template/transit.aspect,false,needs-owner-approved-personal-transit-copy
4,authored/transit-aspect/mercury/descendant/square,fallback-template/transit.aspect,false,needs-owner-approved-personal-transit-copy
4,authored/transit-aspect/mercury/descendant/trine,fallback-template/transit.aspect,false,needs-owner-approved-personal-transit-copy
4,authored/transit-aspect/mercury/imum-coeli/conjunction,fallback-template/transit.aspect,false,needs-owner-approved-personal-transit-copy
4,authored/transit-aspect/mercury/imum-coeli/opposition,fallback-template/transit.aspect,false,needs-owner-approved-personal-transit-copy
4,authored/transit-aspect/mercury/imum-coeli/sextile,fallback-template/transit.aspect,false,needs-owner-approved-personal-transit-copy
4,authored/transit-aspect/mercury/imum-coeli/square,fallback-template/transit.aspect,false,needs-owner-approved-personal-transit-copy
4,authored/transit-aspect/mercury/imum-coeli/trine,fallback-template/transit.aspect,false,needs-owner-approved-personal-transit-copy
4,authored/transit-aspect/mercury/south-node/opposition,fallback-template/transit.aspect,false,needs-owner-approved-personal-transit-copy
4,authored/transit-aspect/mercury/south-node/square,fallback-template/transit.aspect,false,needs-owner-approved-personal-transit-copy
4,authored/transit-aspect/moon/descendant/conjunction,fallback-template/transit.aspect,false,needs-owner-approved-personal-transit-copy
4,authored/transit-aspect/moon/descendant/opposition,fallback-template/transit.aspect,false,needs-owner-approved-personal-transit-copy
4,authored/transit-aspect/moon/descendant/sextile,fallback-template/transit.aspect,false,needs-owner-approved-personal-transit-copy
4,authored/transit-aspect/moon/descendant/square,fallback-template/transit.aspect,false,needs-owner-approved-personal-transit-copy
4,authored/transit-aspect/moon/descendant/trine,fallback-template/transit.aspect,false,needs-owner-approved-personal-transit-copy
4,authored/transit-aspect/moon/imum-coeli/conjunction,fallback-template/transit.aspect,false,needs-owner-approved-personal-transit-copy
4,authored/transit-aspect/moon/imum-coeli/opposition,fallback-template/transit.aspect,false,needs-owner-approved-personal-transit-copy
4,authored/transit-aspect/moon/imum-coeli/sextile,fallback-template/transit.aspect,false,needs-owner-approved-personal-transit-copy
4,authored/transit-aspect/moon/imum-coeli/square,fallback-template/transit.aspect,false,needs-owner-approved-personal-transit-copy
4,authored/transit-aspect/moon/imum-coeli/trine,fallback-template/transit.aspect,false,needs-owner-approved-personal-transit-copy
4,authored/transit-aspect/moon/south-node/opposition,fallback-template/transit.aspect,false,needs-owner-approved-personal-transit-copy
4,authored/transit-aspect/moon/south-node/square,fallback-template/transit.aspect,false,needs-owner-approved-personal-transit-copy
4,authored/transit-aspect/neptune/descendant/conjunction,fallback-template/transit.aspect,false,needs-owner-approved-personal-transit-copy
4,authored/transit-aspect/neptune/descendant/opposition,fallback-template/transit.aspect,false,needs-owner-approved-personal-transit-copy
4,authored/transit-aspect/neptune/descendant/sextile,fallback-template/transit.aspect,false,needs-owner-approved-personal-transit-copy
4,authored/transit-aspect/neptune/descendant/square,fallback-template/transit.aspect,false,needs-owner-approved-personal-transit-copy
4,authored/transit-aspect/neptune/descendant/trine,fallback-template/transit.aspect,false,needs-owner-approved-personal-transit-copy
4,authored/transit-aspect/neptune/imum-coeli/conjunction,fallback-template/transit.aspect,false,needs-owner-approved-personal-transit-copy
4,authored/transit-aspect/neptune/imum-coeli/opposition,fallback-template/transit.aspect,false,needs-owner-approved-personal-transit-copy
4,authored/transit-aspect/neptune/imum-coeli/sextile,fallback-template/transit.aspect,false,needs-owner-approved-personal-transit-copy
4,authored/transit-aspect/neptune/imum-coeli/square,fallback-template/transit.aspect,false,needs-owner-approved-personal-transit-copy
4,authored/transit-aspect/neptune/imum-coeli/trine,fallback-template/transit.aspect,false,needs-owner-approved-personal-transit-copy
4,authored/transit-aspect/neptune/south-node/sextile,fallback-template/transit.aspect,false,needs-owner-approved-personal-transit-copy
4,authored/transit-aspect/neptune/south-node/trine,fallback-template/transit.aspect,false,needs-owner-approved-personal-transit-copy
4,authored/transit-aspect/north-node/descendant/conjunction,fallback-template/transit.aspect,false,needs-owner-approved-personal-transit-copy
4,authored/transit-aspect/north-node/descendant/opposition,fallback-template/transit.aspect,false,needs-owner-approved-personal-transit-copy
4,authored/transit-aspect/north-node/descendant/sextile,fallback-template/transit.aspect,false,needs-owner-approved-personal-transit-copy
4,authored/transit-aspect/north-node/descendant/square,fallback-template/transit.aspect,false,needs-owner-approved-personal-transit-copy
4,authored/transit-aspect/north-node/descendant/trine,fallback-template/transit.aspect,false,needs-owner-approved-personal-transit-copy
4,authored/transit-aspect/north-node/imum-coeli/conjunction,fallback-template/transit.aspect,false,needs-owner-approved-personal-transit-copy
4,authored/transit-aspect/north-node/imum-coeli/opposition,fallback-template/transit.aspect,false,needs-owner-approved-personal-transit-copy
4,authored/transit-aspect/north-node/imum-coeli/sextile,fallback-template/transit.aspect,false,needs-owner-approved-personal-transit-copy
4,authored/transit-aspect/north-node/imum-coeli/square,fallback-template/transit.aspect,false,needs-owner-approved-personal-transit-copy
4,authored/transit-aspect/north-node/imum-coeli/trine,fallback-template/transit.aspect,false,needs-owner-approved-personal-transit-copy
4,authored/transit-aspect/north-node/midheaven/conjunction,fallback-template/transit.aspect,false,needs-owner-approved-personal-transit-copy
4,authored/transit-aspect/north-node/midheaven/opposition,fallback-template/transit.aspect,false,needs-owner-approved-personal-transit-copy
4,authored/transit-aspect/north-node/midheaven/sextile,fallback-template/transit.aspect,false,needs-owner-approved-personal-transit-copy
4,authored/transit-aspect/north-node/midheaven/square,fallback-template/transit.aspect,false,needs-owner-approved-personal-transit-copy
4,authored/transit-aspect/north-node/midheaven/trine,fallback-template/transit.aspect,false,needs-owner-approved-personal-transit-copy
4,authored/transit-aspect/north-node/south-node/conjunction,fallback-template/transit.aspect,false,needs-owner-approved-personal-transit-copy
4,authored/transit-aspect/north-node/south-node/opposition,fallback-template/transit.aspect,false,needs-owner-approved-personal-transit-copy
4,authored/transit-aspect/north-node/south-node/sextile,fallback-template/transit.aspect,false,needs-owner-approved-personal-transit-copy
4,authored/transit-aspect/north-node/south-node/square,fallback-template/transit.aspect,false,needs-owner-approved-personal-transit-copy
4,authored/transit-aspect/north-node/south-node/trine,fallback-template/transit.aspect,false,needs-owner-approved-personal-transit-copy
4,authored/transit-aspect/pluto/descendant/conjunction,fallback-template/transit.aspect,false,needs-owner-approved-personal-transit-copy
4,authored/transit-aspect/pluto/descendant/opposition,fallback-template/transit.aspect,false,needs-owner-approved-personal-transit-copy
4,authored/transit-aspect/pluto/descendant/sextile,fallback-template/transit.aspect,false,needs-owner-approved-personal-transit-copy
4,authored/transit-aspect/pluto/descendant/square,fallback-template/transit.aspect,false,needs-owner-approved-personal-transit-copy
4,authored/transit-aspect/pluto/descendant/trine,fallback-template/transit.aspect,false,needs-owner-approved-personal-transit-copy
4,authored/transit-aspect/pluto/imum-coeli/conjunction,fallback-template/transit.aspect,false,needs-owner-approved-personal-transit-copy
4,authored/transit-aspect/pluto/imum-coeli/opposition,fallback-template/transit.aspect,false,needs-owner-approved-personal-transit-copy
4,authored/transit-aspect/pluto/imum-coeli/sextile,fallback-template/transit.aspect,false,needs-owner-approved-personal-transit-copy
4,authored/transit-aspect/pluto/imum-coeli/square,fallback-template/transit.aspect,false,needs-owner-approved-personal-transit-copy
4,authored/transit-aspect/pluto/imum-coeli/trine,fallback-template/transit.aspect,false,needs-owner-approved-personal-transit-copy
4,authored/transit-aspect/pluto/south-node/sextile,fallback-template/transit.aspect,false,needs-owner-approved-personal-transit-copy
4,authored/transit-aspect/pluto/south-node/trine,fallback-template/transit.aspect,false,needs-owner-approved-personal-transit-copy
4,authored/transit-aspect/saturn/descendant/conjunction,fallback-template/transit.aspect,false,needs-owner-approved-personal-transit-copy
4,authored/transit-aspect/saturn/descendant/opposition,fallback-template/transit.aspect,false,needs-owner-approved-personal-transit-copy
4,authored/transit-aspect/saturn/descendant/sextile,fallback-template/transit.aspect,false,needs-owner-approved-personal-transit-copy
4,authored/transit-aspect/saturn/descendant/square,fallback-template/transit.aspect,false,needs-owner-approved-personal-transit-copy
4,authored/transit-aspect/saturn/descendant/trine,fallback-template/transit.aspect,false,needs-owner-approved-personal-transit-copy
4,authored/transit-aspect/saturn/imum-coeli/conjunction,fallback-template/transit.aspect,false,needs-owner-approved-personal-transit-copy
4,authored/transit-aspect/saturn/imum-coeli/opposition,fallback-template/transit.aspect,false,needs-owner-approved-personal-transit-copy
4,authored/transit-aspect/saturn/imum-coeli/sextile,fallback-template/transit.aspect,false,needs-owner-approved-personal-transit-copy
4,authored/transit-aspect/saturn/imum-coeli/square,fallback-template/transit.aspect,false,needs-owner-approved-personal-transit-copy
4,authored/transit-aspect/saturn/imum-coeli/trine,fallback-template/transit.aspect,false,needs-owner-approved-personal-transit-copy
4,authored/transit-aspect/saturn/south-node/sextile,fallback-template/transit.aspect,false,needs-owner-approved-personal-transit-copy
4,authored/transit-aspect/saturn/south-node/trine,fallback-template/transit.aspect,false,needs-owner-approved-personal-transit-copy
4,authored/transit-aspect/south-node/descendant/conjunction,fallback-template/transit.aspect,false,needs-owner-approved-personal-transit-copy
4,authored/transit-aspect/south-node/descendant/opposition,fallback-template/transit.aspect,false,needs-owner-approved-personal-transit-copy
4,authored/transit-aspect/south-node/descendant/sextile,fallback-template/transit.aspect,false,needs-owner-approved-personal-transit-copy
4,authored/transit-aspect/south-node/descendant/square,fallback-template/transit.aspect,false,needs-owner-approved-personal-transit-copy
4,authored/transit-aspect/south-node/descendant/trine,fallback-template/transit.aspect,false,needs-owner-approved-personal-transit-copy
4,authored/transit-aspect/south-node/imum-coeli/conjunction,fallback-template/transit.aspect,false,needs-owner-approved-personal-transit-copy
4,authored/transit-aspect/south-node/imum-coeli/opposition,fallback-template/transit.aspect,false,needs-owner-approved-personal-transit-copy
4,authored/transit-aspect/south-node/imum-coeli/sextile,fallback-template/transit.aspect,false,needs-owner-approved-personal-transit-copy
4,authored/transit-aspect/south-node/imum-coeli/square,fallback-template/transit.aspect,false,needs-owner-approved-personal-transit-copy
4,authored/transit-aspect/south-node/imum-coeli/trine,fallback-template/transit.aspect,false,needs-owner-approved-personal-transit-copy
4,authored/transit-aspect/south-node/midheaven/conjunction,fallback-template/transit.aspect,false,needs-owner-approved-personal-transit-copy
4,authored/transit-aspect/south-node/midheaven/opposition,fallback-template/transit.aspect,false,needs-owner-approved-personal-transit-copy
4,authored/transit-aspect/south-node/midheaven/sextile,fallback-template/transit.aspect,false,needs-owner-approved-personal-transit-copy
4,authored/transit-aspect/south-node/midheaven/square,fallback-template/transit.aspect,false,needs-owner-approved-personal-transit-copy
4,authored/transit-aspect/south-node/midheaven/trine,fallback-template/transit.aspect,false,needs-owner-approved-personal-transit-copy
4,authored/transit-aspect/south-node/south-node/conjunction,fallback-template/transit.aspect,false,needs-owner-approved-personal-transit-copy
4,authored/transit-aspect/south-node/south-node/opposition,fallback-template/transit.aspect,false,needs-owner-approved-personal-transit-copy
4,authored/transit-aspect/south-node/south-node/sextile,fallback-template/transit.aspect,false,needs-owner-approved-personal-transit-copy
4,authored/transit-aspect/south-node/south-node/square,fallback-template/transit.aspect,false,needs-owner-approved-personal-transit-copy
4,authored/transit-aspect/south-node/south-node/trine,fallback-template/transit.aspect,false,needs-owner-approved-personal-transit-copy
4,authored/transit-aspect/sun/descendant/conjunction,fallback-template/transit.aspect,false,needs-owner-approved-personal-transit-copy
4,authored/transit-aspect/sun/descendant/opposition,fallback-template/transit.aspect,false,needs-owner-approved-personal-transit-copy
4,authored/transit-aspect/sun/descendant/sextile,fallback-template/transit.aspect,false,needs-owner-approved-personal-transit-copy
4,authored/transit-aspect/sun/descendant/square,fallback-template/transit.aspect,false,needs-owner-approved-personal-transit-copy
4,authored/transit-aspect/sun/descendant/trine,fallback-template/transit.aspect,false,needs-owner-approved-personal-transit-copy
4,authored/transit-aspect/sun/imum-coeli/conjunction,fallback-template/transit.aspect,false,needs-owner-approved-personal-transit-copy
4,authored/transit-aspect/sun/imum-coeli/opposition,fallback-template/transit.aspect,false,needs-owner-approved-personal-transit-copy
4,authored/transit-aspect/sun/imum-coeli/sextile,fallback-template/transit.aspect,false,needs-owner-approved-personal-transit-copy
4,authored/transit-aspect/sun/imum-coeli/square,fallback-template/transit.aspect,false,needs-owner-approved-personal-transit-copy
4,authored/transit-aspect/sun/imum-coeli/trine,fallback-template/transit.aspect,false,needs-owner-approved-personal-transit-copy
4,authored/transit-aspect/uranus/descendant/conjunction,fallback-template/transit.aspect,false,needs-owner-approved-personal-transit-copy
4,authored/transit-aspect/uranus/descendant/opposition,fallback-template/transit.aspect,false,needs-owner-approved-personal-transit-copy
4,authored/transit-aspect/uranus/descendant/sextile,fallback-template/transit.aspect,false,needs-owner-approved-personal-transit-copy
4,authored/transit-aspect/uranus/descendant/square,fallback-template/transit.aspect,false,needs-owner-approved-personal-transit-copy
4,authored/transit-aspect/uranus/descendant/trine,fallback-template/transit.aspect,false,needs-owner-approved-personal-transit-copy
4,authored/transit-aspect/uranus/imum-coeli/conjunction,fallback-template/transit.aspect,false,needs-owner-approved-personal-transit-copy
4,authored/transit-aspect/uranus/imum-coeli/opposition,fallback-template/transit.aspect,false,needs-owner-approved-personal-transit-copy
4,authored/transit-aspect/uranus/imum-coeli/sextile,fallback-template/transit.aspect,false,needs-owner-approved-personal-transit-copy
4,authored/transit-aspect/uranus/imum-coeli/square,fallback-template/transit.aspect,false,needs-owner-approved-personal-transit-copy
4,authored/transit-aspect/uranus/imum-coeli/trine,fallback-template/transit.aspect,false,needs-owner-approved-personal-transit-copy
4,authored/transit-aspect/uranus/south-node/sextile,fallback-template/transit.aspect,false,needs-owner-approved-personal-transit-copy
4,authored/transit-aspect/uranus/south-node/trine,fallback-template/transit.aspect,false,needs-owner-approved-personal-transit-copy
4,authored/transit-aspect/venus/descendant/conjunction,fallback-template/transit.aspect,false,needs-owner-approved-personal-transit-copy
4,authored/transit-aspect/venus/descendant/opposition,fallback-template/transit.aspect,false,needs-owner-approved-personal-transit-copy
4,authored/transit-aspect/venus/descendant/sextile,fallback-template/transit.aspect,false,needs-owner-approved-personal-transit-copy
4,authored/transit-aspect/venus/descendant/square,fallback-template/transit.aspect,false,needs-owner-approved-personal-transit-copy
4,authored/transit-aspect/venus/descendant/trine,fallback-template/transit.aspect,false,needs-owner-approved-personal-transit-copy
4,authored/transit-aspect/venus/imum-coeli/conjunction,fallback-template/transit.aspect,false,needs-owner-approved-personal-transit-copy
4,authored/transit-aspect/venus/imum-coeli/opposition,fallback-template/transit.aspect,false,needs-owner-approved-personal-transit-copy
4,authored/transit-aspect/venus/imum-coeli/sextile,fallback-template/transit.aspect,false,needs-owner-approved-personal-transit-copy
4,authored/transit-aspect/venus/imum-coeli/square,fallback-template/transit.aspect,false,needs-owner-approved-personal-transit-copy
4,authored/transit-aspect/venus/imum-coeli/trine,fallback-template/transit.aspect,false,needs-owner-approved-personal-transit-copy
4,authored/transit-aspect/venus/south-node/opposition,fallback-template/transit.aspect,false,needs-owner-approved-personal-transit-copy
4,authored/transit-aspect/venus/south-node/square,fallback-template/transit.aspect,false,needs-owner-approved-personal-transit-copy
